Model,Accuracy,F1-Score,F1-Macro,ROC-AUC,Business F1
RandomForest_Optimized,0.6305,0.6406089999904152,0.6031736899530183,0.7672222030310727,0.6406089999904152
LightGBM,0.629,0.6393103087838137,0.5925198685726197,0.7523419735477649,0.6393103087838137
XGBoost,0.627,0.6372678779163103,0.5928736615761442,0.7582841292088282,0.6372678779163103
ExtraTrees,0.6215,0.6319430090924687,0.5974952822096414,0.7662300164919418,0.6319430090924687
LogisticRegression_Balanced,0.599,0.6081690449923973,0.5828052390720714,0.7733059990650465,0.6081690449923973
