Model,Accuracy,F1-Score,F1-Macro,ROC-AUC,Business F1
RandomForest_Optimized,0.634,0.6437016268045679,0.5992512389571213,0.7497895774027526,0.6437016268045679
ExtraTrees,0.63,0.6401870387488909,0.6043028828149439,0.7603139873774043,0.6401870387488909
LightGBM,0.627,0.6366173834021608,0.5862024820541253,0.7377081212470187,0.6366173834021608
XGBoost,0.623,0.6328928200928201,0.5831255497922165,0.7390590116940569,0.6328928200928201
LogisticRegression_Balanced,0.601,0.6100681509476323,0.5878195413696545,0.7676869927585347,0.6100681509476323
