{
  "timestamp": "2025-10-14T18:37:41.379699",
  "dataset_size": 10000,
  "models_trained": 5,
  "best_model": "ExtraTrees",
  "best_f1_score": 0.41146720438914913,
  "best_business_f1": 0.41146720438914913,
  "model_results": {
    "RandomForest_Balanced": {
      "accuracy": 0.444,
      "f1_score": 0.4079883831419147,
      "f1_macro": 0.34126025654558406,
      "roc_auc": 0.5412028112730211,
      "business_f1": 0.4079883831419147
    },
    "ExtraTrees": {
      "accuracy": 0.435,
      "f1_score": 0.41146720438914913,
      "f1_macro": 0.3491299514182619,
      "roc_auc": 0.5344158353778203,
      "business_f1": 0.41146720438914913
    },
    "LogisticRegression_Balanced": {
      "accuracy": 0.384,
      "f1_score": 0.3801709402248497,
      "f1_macro": 0.33220640307776433,
      "roc_auc": 0.511667693380025,
      "business_f1": 0.3801709402248497
    },
    "XGBoost": {
      "accuracy": 0.447,
      "f1_score": 0.3908268355119774,
      "f1_macro": 0.31486931381465794,
      "roc_auc": 0.5287248153247646,
      "business_f1": 0.3908268355119774
    },
    "LightGBM": {
      "accuracy": 0.4435,
      "f1_score": 0.3918367196479606,
      "f1_macro": 0.3212253768842452,
      "roc_auc": 0.5108298312214555,
      "business_f1": 0.3918367196479606
    }
  }
}